Species,AAA,AAC,AAG,AAU,ACA,ACC,ACG,ACU,AGA,AGC,AGG,AGU,AUA,AUC,AUG,AUU,CAA,CAC,CAG,CAU,CCA,CCC,CCG,CCU,CGA,CGC,CGG,CGU,CUA,CUC,CUG,CUU,GAA,GAC,GAG,GAU,GCA,GCC,GCG,GCU,GGA,GGC,GGG,GGU,GUA,GUC,GUG,GUU,UAC,UAU,UCA,UCC,UCG,UCU,UGC,UGG,UGU,UUA,UUC,UUG,UUU
Ailuropoda melanoleuca,14.0,13.0,42.0,13.0,14.5,5.0,8.5,10.0,6.0,10.0,10.0,10.0,14.0,6.0,2.5,12.0,4.0,8.0,14.0,8.0,13.75,4.5,7.5,9.0,11.0,4.0,7.5,8.0,9.25,3.5,6.0,7.0,8.0,8.0,10.0,8.0,20.75,8.5,9.0,17.0,4.0,10.0,6.0,10.0,14.5,5.0,12.5,10.0,11.0,11.0,10.5,5.0,5.5,10.0,24.0,8.5,24.0,3.0,11.0,8.5,11.0
Balaenoptera acutorostrata,14.0,22.0,17.0,22.0,15.0,6.0,7.0,12.0,6.0,10.0,9.0,10.0,13.25,5.5,2.5,11.0,5.0,10.0,11.5,10.0,10.0,4.0,6.0,8.0,12.75,4.5,6.0,9.0,8.5,3.0,7.0,6.0,28.0,20.0,22.0,20.0,26.75,10.5,11.5,21.0,7.0,14.0,6.5,14.0,13.0,6.0,14.0,12.0,13.0,13.0,12.25,5.5,6.0,11.0,20.0,7.5,20.0,5.0,13.0,9.5,13.0
Bos taurus,28.0,28.0,36.0,28.0,16.0,6.0,8.5,12.0,6.0,17.0,11.0,17.0,17.75,8.5,2.5,17.0,7.0,15.0,25.5,15.0,17.0,6.0,8.0,12.0,15.75,4.5,9.5,9.0,10.75,4.5,7.0,9.0,34.0,19.0,24.0,19.0,35.0,14.0,15.0,28.0,7.0,13.0,17.5,13.0,21.75,8.5,24.5,17.0,16.0,16.0,13.0,8.0,7.0,14.0,27.0,8.5,27.0,6.0,22.0,9.0,22.0
Callithrix jacchus,11.0,22.0,13.5,22.0,11.0,4.0,6.5,8.0,5.0,8.0,7.5,8.0,10.25,4.5,2.5,8.0,4.0,7.0,10.0,7.0,11.25,3.5,7.0,7.0,8.5,3.0,5.0,6.0,6.75,2.5,10.5,5.0,9.0,10.0,14.5,10.0,15.5,7.0,6.5,14.0,9.0,14.0,9.5,14.0,6.75,2.5,10.5,5.0,10.0,10.0,9.75,4.5,4.5,9.0,24.0,6.5,24.0,3.0,7.0,6.5,7.0
Cavia porcellus,11.0,15.0,19.5,15.0,9.25,3.5,5.0,7.0,5.0,8.0,7.5,8.0,10.75,4.5,2.0,9.0,4.0,7.0,12.0,7.0,10.0,4.0,5.0,8.0,9.25,3.5,5.0,7.0,6.75,2.5,7.5,5.0,6.0,9.0,8.0,9.0,24.25,9.5,10.0,19.0,6.0,11.0,8.0,11.0,7.5,3.0,7.5,6.0,15.0,15.0,9.0,4.0,5.5,8.0,34.0,8.5,34.0,3.0,8.0,6.5,8.0
Ceratotherium simum,14.0,14.0,21.0,14.0,14.5,5.0,7.5,10.0,6.0,13.0,10.0,13.0,14.75,6.5,2.5,13.0,5.0,9.0,13.5,9.0,14.5,5.0,7.5,10.0,12.5,5.0,6.5,10.0,8.5,3.0,6.0,6.0,8.0,9.0,18.0,9.0,28.5,11.0,12.0,22.0,4.0,9.0,7.0,9.0,15.25,5.5,15.5,11.0,11.0,11.0,14.75,6.5,6.5,13.0,21.0,8.5,21.0,4.0,12.0,8.0,12.0
Chlorocebus sabaeus,13.0,18.0,16.5,18.0,12.75,4.5,7.0,9.0,5.0,8.0,7.5,8.0,12.5,9.0,2.5,14.0,6.0,11.0,14.0,11.0,10.25,3.5,6.5,7.0,10.5,3.0,7.0,6.0,9.75,4.5,6.5,9.0,11.0,11.0,12.5,11.0,22.75,8.5,9.0,17.0,5.0,13.0,10.5,13.0,11.75,4.5,11.5,9.0,12.0,12.0,10.75,4.5,6.0,9.0,25.0,8.5,25.0,4.0,12.0,7.0,12.0
Choloepus hoffmanni,12.0,16.0,46.0,16.0,14.25,5.5,7.0,11.0,5.0,10.0,7.5,10.0,11.5,6.0,2.0,11.0,6.0,8.0,12.0,8.0,12.75,4.5,6.0,9.0,9.25,3.5,6.0,7.0,8.5,3.0,6.0,6.0,10.0,7.0,10.0,7.0,18.25,7.5,7.5,15.0,6.0,9.0,5.0,9.0,14.25,5.5,11.0,11.0,8.0,8.0,8.5,3.0,6.0,6.0,38.0,7.5,38.0,4.0,9.0,7.0,9.0
Cricetulus griseus,10.0,15.0,61.0,15.0,9.25,3.5,6.0,7.0,4.0,9.0,6.0,9.0,13.0,6.0,2.0,12.0,5.0,11.0,13.5,11.0,10.5,3.0,7.0,6.0,10.25,3.5,5.5,7.0,7.75,2.5,11.0,5.0,7.0,12.0,13.5,12.0,27.5,9.0,11.0,18.0,4.0,12.0,9.0,12.0,14.75,6.5,11.5,13.0,11.0,11.0,8.25,3.5,4.5,7.0,34.0,7.0,34.0,3.0,7.0,5.5,7.0
Dasypus novemcinctus,16.0,22.0,45.0,22.0,13.5,5.0,7.0,10.0,6.0,10.0,8.0,10.0,12.5,5.0,2.5,10.0,5.0,9.0,11.5,9.0,11.5,3.0,7.5,6.0,14.75,4.5,7.0,9.0,6.75,2.5,9.5,5.0,18.0,13.0,21.0,13.0,35.75,10.5,18.0,21.0,8.0,13.0,19.0,13.0,12.5,5.0,10.5,10.0,9.0,9.0,12.5,5.0,7.5,10.0,21.0,9.5,21.0,5.0,11.0,8.5,11.0
Dipodomys ordii,9.0,13.0,12.5,13.0,11.0,4.0,7.5,8.0,6.0,7.0,9.0,7.0,11.5,5.0,2.0,10.0,4.0,9.0,13.0,9.0,9.25,3.5,5.0,7.0,10.0,4.0,6.0,8.0,6.5,3.0,9.0,6.0,9.0,14.0,15.5,14.0,52.25,9.5,23.0,19.0,12.0,18.0,10.0,18.0,8.25,3.5,8.5,7.0,8.0,8.0,9.75,4.5,4.5,9.0,35.0,7.5,35.0,3.0,10.0,5.5,10.0
Echinops telfairi,11.0,7.0,19.5,7.0,9.5,5.0,5.0,10.0,9.0,7.0,12.5,7.0,10.75,4.5,2.0,9.0,6.0,3.0,7.0,3.0,9.5,3.0,4.5,6.0,10.25,3.5,4.5,7.0,6.25,1.5,7.0,3.0,6.0,8.0,7.0,8.0,14.75,6.5,6.5,13.0,6.0,8.0,6.0,8.0,8.25,3.5,6.5,7.0,10.0,10.0,8.25,3.5,2.5,7.0,21.0,6.5,21.0,4.0,8.0,5.0,8.0
Equus caballus,14.0,14.0,21.0,14.0,13.75,4.5,6.5,9.0,5.0,11.0,9.5,11.0,17.75,8.5,2.5,17.0,5.0,11.0,14.5,11.0,14.5,5.0,6.5,10.0,11.5,5.0,6.0,10.0,10.25,3.5,5.5,7.0,10.0,8.0,15.0,8.0,29.0,12.0,13.5,24.0,4.0,10.0,10.0,10.0,15.0,6.0,17.0,12.0,14.0,14.0,13.0,6.0,6.0,12.0,22.0,7.5,22.0,4.0,12.0,8.0,12.0
Erinaceus europaeus,10.0,6.0,128.0,6.0,11.0,4.0,6.5,8.0,5.0,7.0,9.5,7.0,10.0,4.0,2.0,8.0,4.0,5.0,10.0,5.0,11.5,5.0,5.0,10.0,8.5,3.0,5.0,6.0,7.5,3.0,7.5,6.0,8.0,13.0,13.0,13.0,18.5,7.0,8.0,14.0,8.0,14.0,9.0,14.0,11.25,3.5,6.0,7.0,12.0,12.0,9.0,4.0,4.5,8.0,31.0,7.5,31.0,1.0,8.0,5.5,8.0
Felis catus,13.0,23.0,44.5,23.0,21.5,9.0,9.0,18.0,6.0,19.0,10.0,19.0,22.75,6.5,6.5,13.0,5.0,16.0,19.5,16.0,21.5,7.0,10.5,14.0,31.0,4.0,16.5,8.0,14.75,4.5,9.0,9.0,13.0,13.0,14.5,13.0,26.5,9.0,12.5,18.0,9.0,13.0,11.5,13.0,15.5,7.0,23.5,14.0,15.0,15.0,12.25,5.5,6.0,11.0,23.0,12.5,23.0,4.0,17.0,8.0,17.0
Gorilla gorilla,11.0,22.0,20.5,22.0,12.75,4.5,7.0,9.0,6.0,8.0,8.0,8.0,15.0,8.0,3.0,14.0,5.0,8.0,15.5,8.0,11.25,3.5,7.0,7.0,11.25,3.5,8.0,7.0,9.0,4.0,6.5,8.0,9.0,11.0,10.5,11.0,23.75,10.5,8.0,21.0,5.0,8.0,11.5,8.0,11.25,3.5,13.0,7.0,13.0,13.0,11.5,5.0,6.0,10.0,27.0,8.0,27.0,6.0,8.0,9.0,8.0
Heterocephalus glaber,8.0,10.0,15.0,10.0,10.0,4.0,6.0,8.0,5.0,7.0,7.5,7.0,8.25,3.5,1.5,7.0,3.0,6.0,7.5,6.0,10.25,3.5,5.5,7.0,7.75,2.5,5.0,5.0,5.0,2.0,6.0,4.0,6.0,7.0,7.0,7.0,23.75,12.5,7.5,25.0,4.0,9.0,5.0,9.0,8.25,3.5,7.5,7.0,7.0,7.0,7.5,3.0,4.5,6.0,21.0,10.0,21.0,2.0,5.0,5.0,5.0
Homo sapiens,12.0,25.0,21.0,25.0,12.75,4.5,8.0,9.0,6.0,8.0,8.0,8.0,16.25,10.5,2.5,18.0,6.0,9.0,16.0,9.0,13.75,4.5,7.5,9.0,11.25,3.5,7.0,7.0,9.75,4.5,10.5,9.0,8.0,13.0,12.0,13.0,27.5,13.0,8.0,26.0,9.0,14.0,9.5,14.0,11.75,4.5,15.5,9.0,13.0,13.0,10.75,4.5,6.0,9.0,29.0,7.5,29.0,4.0,10.0,8.0,10.0
Loxodonta africana,37.0,40.0,46.5,40.0,25.0,6.0,15.0,12.0,7.0,35.0,9.5,35.0,28.0,16.0,2.0,32.0,11.0,21.0,32.5,21.0,21.5,7.0,8.5,14.0,21.75,6.5,9.0,13.0,21.0,8.0,16.5,16.0,20.0,12.0,21.0,12.0,52.0,20.0,22.0,40.0,34.0,14.0,28.0,14.0,63.5,17.0,49.0,34.0,19.0,19.0,28.75,14.5,7.5,29.0,24.0,27.0,24.0,9.0,26.0,20.5,26.0
Macaca mulatta,16.0,24.0,25.0,24.0,28.5,9.0,20.5,18.0,23.0,9.0,16.5,9.0,18.0,11.0,3.0,19.0,10.0,13.0,16.0,13.0,16.75,6.5,9.5,13.0,19.75,4.5,10.5,9.0,14.5,7.0,11.0,14.0,14.0,23.0,16.0,23.0,35.5,17.0,10.0,34.0,8.0,15.0,14.0,15.0,15.75,6.5,17.0,13.0,12.0,12.0,18.5,5.0,12.5,10.0,30.0,10.5,30.0,9.0,12.0,12.5,12.0
Microcebus murinus,8.0,10.0,11.0,10.0,12.25,3.5,6.5,7.0,7.0,8.0,9.5,8.0,10.0,4.0,2.0,8.0,4.0,6.0,14.0,6.0,12.75,4.5,6.0,9.0,9.5,3.0,5.5,6.0,6.75,2.5,9.5,5.0,8.0,11.0,16.0,11.0,17.0,6.0,8.0,12.0,11.0,13.0,9.5,13.0,9.0,4.0,9.5,8.0,9.0,9.0,8.25,3.5,4.5,7.0,22.0,6.5,22.0,3.0,7.0,5.5,7.0
Monodelphis domestica,13.0,13.0,24.5,13.0,16.0,6.0,6.5,12.0,6.0,8.0,8.0,8.0,14.75,6.5,2.5,13.0,5.0,9.0,12.5,9.0,16.25,5.5,7.0,11.0,8.75,2.5,6.5,5.0,11.0,4.0,13.5,8.0,14.0,20.0,19.0,20.0,18.5,7.0,9.0,14.0,10.0,23.0,13.0,23.0,11.75,4.5,10.5,9.0,13.0,13.0,13.25,5.5,5.5,11.0,46.0,6.5,46.0,2.0,12.0,5.0,12.0
Mus caroli,9.0,11.0,19.5,11.0,10.75,4.5,6.0,9.0,5.0,8.0,7.5,8.0,11.5,6.0,2.0,11.0,5.0,9.0,10.5,9.0,10.25,3.5,5.5,7.0,9.5,3.0,5.5,6.0,6.75,2.5,6.5,5.0,6.0,10.0,10.0,10.0,17.75,6.5,8.0,13.0,7.0,11.0,7.5,11.0,11.0,4.0,10.5,8.0,11.0,11.0,9.0,4.0,5.5,8.0,46.0,7.5,46.0,4.0,7.0,6.0,7.0
Mus musculus,12.0,11.0,25.0,11.0,10.75,4.5,6.0,9.0,5.0,7.0,7.5,7.0,11.5,5.0,2.0,10.0,5.0,13.0,12.5,13.0,12.5,3.0,7.0,6.0,9.5,3.0,5.5,6.0,9.0,4.0,13.5,8.0,7.0,16.0,14.5,16.0,17.75,6.5,10.0,13.0,5.0,12.0,7.5,12.0,10.5,5.0,11.5,10.0,10.0,10.0,12.75,6.5,4.5,13.0,45.0,8.5,45.0,4.0,8.0,6.0,8.0
Mus pahari,9.0,9.0,19.5,9.0,10.0,4.0,7.0,8.0,5.0,7.0,7.5,7.0,11.5,5.0,2.0,10.0,4.0,9.0,13.0,9.0,13.0,4.0,6.5,8.0,9.5,3.0,5.5,6.0,6.75,2.5,7.5,5.0,8.0,11.0,11.0,11.0,18.0,8.0,6.0,16.0,5.0,11.0,6.5,11.0,9.25,3.5,11.0,7.0,10.0,10.0,10.0,4.0,5.0,8.0,33.0,7.5,33.0,4.0,10.0,6.0,10.0
Mus spretus,10.0,10.0,17.0,10.0,10.0,4.0,6.0,8.0,5.0,7.0,7.5,7.0,10.75,4.5,2.0,9.0,5.0,11.0,12.5,11.0,10.5,3.0,6.0,6.0,9.5,3.0,5.5,6.0,6.75,2.5,9.5,5.0,7.0,10.0,10.5,10.0,16.75,6.5,8.5,13.0,5.0,10.0,6.5,10.0,9.75,4.5,10.5,9.0,11.0,11.0,9.0,4.0,4.5,8.0,40.0,7.5,40.0,4.0,7.0,6.0,7.0
Mustela putorius,11.0,11.0,42.5,11.0,13.5,5.0,7.0,10.0,6.0,10.0,10.0,10.0,12.5,5.0,2.5,10.0,4.0,6.0,9.0,6.0,11.75,4.5,4.5,9.0,10.5,3.0,7.0,6.0,8.5,3.0,6.0,6.0,7.0,7.0,9.5,7.0,19.25,7.5,9.0,15.0,4.0,9.0,4.0,9.0,12.0,4.0,10.0,8.0,9.0,9.0,9.0,4.0,5.5,8.0,25.0,8.5,25.0,4.0,11.0,8.0,11.0
Myotis lucifugus,3.0,9.0,13.5,9.0,8.75,2.5,5.5,5.0,5.0,5.0,7.5,5.0,7.25,3.5,1.0,7.0,3.0,6.0,7.5,6.0,8.5,3.0,5.0,6.0,9.5,3.0,4.5,6.0,4.25,1.5,6.0,3.0,5.0,7.0,8.5,7.0,7.0,4.0,3.5,8.0,6.0,8.0,6.0,8.0,5.75,2.5,5.0,5.0,5.0,5.0,6.5,3.0,3.0,6.0,27.0,4.0,27.0,2.0,5.0,4.0,5.0
Nomascus leucogenys,15.0,14.0,21.5,14.0,12.25,5.5,6.0,11.0,6.0,8.0,8.0,8.0,12.5,6.0,2.5,11.0,6.0,11.0,13.0,11.0,10.0,4.0,6.0,8.0,12.25,3.5,6.5,7.0,9.0,4.0,6.5,8.0,8.0,7.0,10.0,7.0,20.75,8.5,9.0,17.0,6.0,10.0,8.0,10.0,12.75,4.5,12.0,9.0,13.0,13.0,9.75,4.5,5.5,9.0,21.0,8.5,21.0,5.0,9.0,7.5,9.0
Ochotona princeps,9.0,11.0,14.5,11.0,11.25,3.5,9.0,7.0,5.0,7.0,8.5,7.0,9.25,3.5,2.0,7.0,5.0,5.0,14.5,5.0,10.0,4.0,6.0,8.0,11.25,3.5,7.0,7.0,8.0,2.0,12.5,4.0,7.0,14.0,13.5,14.0,15.75,6.5,7.0,13.0,7.0,17.0,8.5,17.0,9.25,3.5,8.0,7.0,10.0,10.0,8.25,3.5,5.5,7.0,10.0,6.5,10.0,3.0,10.0,5.5,10.0
Ornithorhynchus anatinus,24.0,22.0,31.0,22.0,24.25,7.5,17.5,15.0,7.0,16.0,9.5,16.0,21.25,9.5,3.5,19.0,8.0,10.0,20.0,10.0,18.5,7.0,11.0,14.0,15.25,5.5,17.5,11.0,11.0,4.0,22.5,8.0,14.0,23.0,28.0,23.0,45.0,20.0,17.5,40.0,15.0,35.0,17.5,35.0,28.0,10.0,15.5,20.0,22.0,22.0,17.0,8.0,6.5,16.0,35.0,12.0,35.0,11.0,19.0,14.5,19.0
Oryctolagus cuniculus,13.0,24.0,37.5,24.0,13.0,4.0,8.5,8.0,6.0,10.0,9.0,10.0,15.25,6.5,3.5,12.0,5.0,9.0,15.5,9.0,11.75,4.5,6.5,9.0,10.25,3.5,6.5,7.0,7.75,2.5,17.0,5.0,18.0,20.0,26.0,20.0,23.25,9.5,8.5,19.0,14.0,20.0,20.0,20.0,11.5,5.0,15.0,10.0,11.0,11.0,10.5,5.0,6.5,10.0,23.0,9.5,23.0,3.0,13.0,4.5,13.0
Otolemur garnettii,11.0,12.0,14.5,12.0,11.0,4.0,5.5,8.0,4.0,7.0,7.0,7.0,17.25,15.5,4.5,21.0,4.0,8.0,11.0,8.0,9.25,3.5,5.0,7.0,8.5,3.0,5.0,6.0,6.0,2.0,9.5,4.0,5.0,13.0,10.5,13.0,16.75,6.5,6.5,13.0,9.0,12.0,7.5,12.0,6.75,2.5,5.5,5.0,8.0,8.0,7.5,3.0,4.5,6.0,21.0,6.5,21.0,3.0,6.0,6.5,6.0
Ovis aries,23.0,20.0,33.5,20.0,14.5,5.0,8.5,10.0,6.0,14.0,11.0,14.0,14.75,7.5,2.5,14.0,7.0,12.0,15.5,12.0,16.0,6.0,8.5,12.0,15.75,4.5,8.5,9.0,11.5,5.0,7.0,10.0,29.0,13.0,27.5,13.0,37.75,14.5,16.0,29.0,11.0,14.0,15.5,14.0,13.25,5.5,12.5,11.0,19.0,19.0,15.25,7.5,6.0,15.0,28.0,10.5,28.0,6.0,24.0,9.0,24.0
Pan paniscus,14.0,23.0,22.0,23.0,12.75,4.5,8.0,9.0,6.0,8.0,8.0,8.0,14.0,7.0,2.5,13.0,6.0,11.0,15.0,11.0,13.75,4.5,7.5,9.0,11.25,3.5,7.0,7.0,9.0,4.0,7.5,8.0,9.0,10.0,12.5,10.0,30.0,14.0,9.5,28.0,7.0,10.0,13.5,10.0,20.25,9.5,13.0,19.0,13.0,13.0,10.75,4.5,6.0,9.0,26.0,7.5,26.0,4.0,11.0,8.0,11.0
Pan troglodytes,14.0,13.0,28.0,13.0,13.5,5.0,7.0,10.0,7.0,9.0,10.5,9.0,14.75,8.5,2.5,15.0,5.0,12.0,16.5,12.0,19.0,6.0,10.0,12.0,11.25,3.5,8.0,7.0,8.25,3.5,7.5,7.0,9.0,10.0,8.5,10.0,23.75,10.5,9.0,21.0,7.0,10.0,12.5,10.0,12.75,4.5,14.0,9.0,13.0,13.0,10.75,4.5,6.0,9.0,35.0,9.0,35.0,4.0,11.0,8.0,11.0
Pongo abelii,14.0,22.0,21.0,22.0,13.5,5.0,8.0,10.0,6.0,8.0,8.0,8.0,15.75,9.5,3.0,16.0,6.0,12.0,14.0,12.0,13.0,4.0,7.5,8.0,11.25,3.5,7.0,7.0,9.0,4.0,7.5,8.0,14.0,9.0,12.0,9.0,24.75,10.5,8.5,21.0,6.0,8.0,10.0,8.0,13.5,5.0,14.0,10.0,12.0,12.0,10.75,4.5,6.0,9.0,27.0,8.0,27.0,5.0,8.0,7.5,8.0
Procavia capensis,13.0,22.0,24.5,22.0,13.0,4.0,9.5,8.0,5.0,15.0,7.5,15.0,14.0,6.0,2.5,12.0,4.0,10.0,13.0,10.0,12.0,4.0,7.0,8.0,13.75,4.5,7.5,9.0,11.0,4.0,8.5,8.0,6.0,10.0,8.0,10.0,26.0,10.0,13.5,20.0,29.0,14.0,24.5,14.0,18.75,6.5,14.5,13.0,12.0,12.0,14.75,6.5,6.5,13.0,22.0,17.5,22.0,5.0,12.0,8.5,12.0
Rattus norvegicus,9.0,14.0,15.5,14.0,11.0,4.0,6.5,8.0,6.0,8.0,10.0,8.0,9.0,4.0,1.5,8.0,5.0,10.0,12.5,10.0,12.0,4.0,6.0,8.0,9.5,3.0,5.5,6.0,7.5,3.0,17.5,6.0,10.0,19.0,20.0,19.0,30.5,17.0,5.5,34.0,13.0,15.0,11.5,15.0,9.25,3.5,9.0,7.0,8.0,8.0,10.0,4.0,5.0,8.0,38.0,7.5,38.0,2.0,8.0,4.0,8.0
Saimiri boliviensis,10.0,10.0,14.0,10.0,11.0,4.0,7.5,8.0,5.0,7.0,7.5,7.0,11.75,4.5,2.5,9.0,4.0,7.0,8.0,7.0,10.25,3.5,6.5,7.0,7.5,3.0,4.5,6.0,7.75,2.5,6.0,5.0,7.0,8.0,8.5,8.0,17.75,6.5,9.0,13.0,5.0,9.0,5.5,9.0,7.75,2.5,7.0,5.0,8.0,8.0,9.75,4.5,4.5,9.0,18.0,6.5,18.0,3.0,8.0,6.5,8.0
Sarcophilus harrisii,14.0,13.0,33.0,13.0,13.75,4.5,5.5,9.0,5.0,7.0,6.5,7.0,12.25,5.5,2.0,11.0,4.0,9.0,11.0,9.0,12.75,4.5,6.0,9.0,8.0,2.0,5.5,4.0,10.75,4.5,11.0,9.0,13.0,18.0,15.5,18.0,18.75,8.5,7.0,17.0,9.0,19.0,10.5,19.0,10.0,4.0,12.0,8.0,11.0,11.0,12.5,5.0,5.5,10.0,8.0,9.5,8.0,2.0,13.0,4.0,13.0
Sorex araneus,8.0,10.0,15.0,10.0,10.0,4.0,7.0,8.0,5.0,8.0,7.5,8.0,11.25,5.5,1.5,11.0,4.0,7.0,9.0,7.0,11.0,4.0,4.5,8.0,10.75,4.5,5.0,9.0,5.75,2.5,11.0,5.0,9.0,14.0,15.5,14.0,11.5,5.0,5.0,10.0,12.0,19.0,8.0,19.0,9.25,3.5,8.0,7.0,9.0,9.0,8.25,3.5,5.5,7.0,22.0,6.0,22.0,2.0,10.0,4.0,10.0
Sus scrofa,16.0,13.0,22.0,13.0,15.25,5.5,9.5,11.0,6.0,11.0,10.0,11.0,15.5,7.0,2.5,14.0,6.0,9.0,13.0,9.0,12.0,4.0,7.0,8.0,12.0,4.0,7.0,8.0,9.25,3.5,13.0,7.0,36.0,19.0,29.0,19.0,27.0,10.0,13.0,20.0,12.0,19.0,10.0,19.0,14.5,5.0,13.5,10.0,16.0,16.0,11.5,5.0,7.0,10.0,20.0,9.5,20.0,5.0,15.0,8.5,15.0
Symphalangus syndactylus,14.0,18.0,19.0,18.0,14.25,5.5,7.0,11.0,6.0,8.0,11.0,8.0,12.5,10.0,2.5,15.0,5.0,10.0,14.5,10.0,12.0,4.0,7.0,8.0,11.25,3.5,7.0,7.0,10.0,4.0,6.0,8.0,13.0,9.0,10.5,9.0,24.25,9.5,9.0,19.0,4.0,10.0,9.0,10.0,12.5,5.0,12.5,10.0,13.0,13.0,10.75,4.5,6.0,9.0,24.0,9.5,24.0,7.0,10.0,8.5,10.0
Trichechus manatus,14.0,17.0,22.0,17.0,18.75,6.5,8.5,13.0,5.0,12.0,6.5,12.0,13.5,6.0,3.0,11.0,4.0,11.0,10.0,11.0,14.5,5.0,6.5,10.0,11.25,3.5,8.0,7.0,10.5,3.0,10.0,6.0,10.0,8.0,10.0,8.0,30.25,9.5,13.0,19.0,56.0,10.0,36.0,10.0,14.5,5.0,11.5,10.0,10.0,10.0,17.25,7.5,7.0,15.0,20.0,11.5,20.0,3.0,10.0,8.5,10.0
Tursiops truncatus,14.0,13.0,16.0,13.0,12.75,4.5,6.0,9.0,6.0,9.0,10.0,9.0,12.5,5.0,2.5,10.0,4.0,9.0,12.0,9.0,9.5,3.0,6.5,6.0,10.25,3.5,6.5,7.0,8.5,3.0,5.0,6.0,22.0,16.0,17.0,16.0,20.75,8.5,8.0,17.0,4.0,8.0,5.0,8.0,10.0,4.0,11.0,8.0,16.0,16.0,13.75,6.5,6.0,13.0,19.0,8.5,19.0,3.0,12.0,6.5,12.0
Vicugna pacos,12.0,12.0,21.0,12.0,9.75,4.5,4.5,9.0,5.0,11.0,9.5,11.0,14.0,6.0,2.5,12.0,5.0,8.0,12.5,8.0,13.5,5.0,7.0,10.0,13.5,5.0,7.0,10.0,9.25,3.5,6.0,7.0,7.0,8.0,8.5,8.0,697.75,452.5,26.5,905.0,5.0,10.0,8.5,10.0,11.0,4.0,10.5,8.0,12.0,12.0,13.75,6.5,6.0,13.0,25.0,8.5,25.0,3.0,11.0,7.5,11.0
Danio rerio,431.0,747.0,764.5,747.0,151.75,84.5,37.5,169.0,132.0,416.0,144.0,416.0,239.0,98.0,46.0,196.0,103.0,238.0,260.5,238.0,381.0,148.0,171.5,296.0,147.5,69.0,51.0,138.0,373.75,120.5,396.5,241.0,192.0,150.0,326.0,150.0,176.75,2.5,133.5,5.0,25.0,406.0,110.5,406.0,291.5,119.0,288.5,238.0,230.0,230.0,432.75,170.5,136.5,341.0,88.0,43.5,88.0,33.0,152.0,271.5,152.0
Gadus morhua,41.0,31.0,52.5,31.0,41.75,12.5,34.5,25.0,20.0,40.0,25.0,40.0,33.25,9.5,9.5,19.0,10.0,19.0,44.0,19.0,52.0,24.0,29.0,48.0,28.75,10.5,15.5,21.0,35.75,12.5,46.5,25.0,35.0,25.0,57.5,25.0,36.25,9.5,32.0,19.0,39.0,25.0,32.5,25.0,22.0,10.0,28.5,20.0,42.0,42.0,37.5,15.0,21.5,30.0,24.0,28.5,24.0,12.0,29.0,17.0,29.0
Gallus gallus,5.0,11.0,8.5,11.0,7.75,2.5,4.0,5.0,4.0,8.0,5.0,8.0,8.25,3.5,1.5,7.0,2.0,7.0,8.0,7.0,9.25,3.5,5.0,7.0,7.5,3.0,4.5,6.0,5.75,2.5,9.0,5.0,7.0,9.0,10.5,9.0,21.25,9.5,7.5,19.0,10.0,8.0,10.0,8.0,8.25,3.5,8.5,7.0,15.0,15.0,10.0,4.0,5.0,8.0,12.0,6.5,12.0,2.0,9.0,4.0,9.0
Gasterosteus aculeatus,51.0,122.0,114.5,122.0,48.0,18.0,24.5,36.0,51.0,27.0,29.5,27.0,102.5,49.0,14.5,98.0,56.0,40.0,104.0,40.0,74.5,31.0,31.0,62.0,64.5,19.0,20.0,38.0,53.0,24.0,16.5,48.0,35.0,135.0,69.5,135.0,68.75,12.5,80.0,25.0,37.0,11.0,20.5,11.0,25.25,9.5,22.5,19.0,17.0,17.0,97.25,25.5,58.5,51.0,94.0,63.5,94.0,7.0,35.0,8.5,35.0
Geospiza fortis,4.0,6.0,8.0,6.0,6.75,2.5,1.5,5.0,3.0,4.0,3.5,4.0,5.75,2.5,1.0,5.0,1.0,4.0,3.5,4.0,6.0,2.0,2.5,4.0,5.5,3.0,0.5,6.0,3.0,2.0,6.0,4.0,4.0,4.0,8.0,4.0,15.25,7.5,4.0,15.0,4.0,9.0,6.0,9.0,2.5,1.0,3.5,2.0,8.0,8.0,3.5,1.0,2.0,2.0,10.0,3.5,10.0,1.0,5.0,2.5,5.0
Meleagris gallopavo,5.0,13.0,9.5,13.0,12.25,3.5,4.5,7.0,3.0,7.0,4.5,7.0,7.5,3.0,1.5,6.0,2.0,7.0,16.0,7.0,12.0,4.0,6.0,8.0,7.25,3.5,4.0,7.0,5.5,3.0,7.5,6.0,11.0,10.0,15.5,10.0,25.25,9.5,9.5,19.0,12.0,8.0,10.0,8.0,7.25,3.5,10.0,7.0,19.0,19.0,11.0,4.0,6.5,8.0,12.0,6.5,12.0,2.0,10.0,4.0,10.0
Melopsittacus undulatus,3.0,8.0,12.5,8.0,5.75,2.5,1.0,5.0,3.0,7.0,4.5,7.0,4.75,2.5,0.5,5.0,0.0,3.0,2.0,3.0,4.5,1.0,3.5,2.0,3.25,1.5,1.5,3.0,1.5,1.0,5.0,2.0,2.0,7.0,2.0,7.0,10.75,4.5,4.0,9.0,7.0,8.0,4.5,8.0,3.25,1.5,4.5,3.0,4.0,4.0,6.0,2.0,2.5,4.0,5.0,5.0,5.0,2.0,6.0,4.0,6.0
Nothobranchius furzeri,11.0,8.0,15.5,8.0,10.25,3.5,5.5,7.0,6.0,6.0,8.0,6.0,11.5,5.0,2.0,10.0,2.0,6.0,7.0,6.0,9.25,3.5,4.0,7.0,7.5,3.0,2.5,6.0,8.5,3.0,10.0,6.0,5.0,11.0,9.5,11.0,19.75,4.5,10.5,9.0,10.0,3.0,7.0,3.0,8.75,4.5,9.0,9.0,7.0,7.0,6.5,3.0,4.0,6.0,21.0,7.5,21.0,2.0,6.0,6.0,6.0
Oreochromis niloticus,14.0,9.0,44.0,9.0,31.0,8.0,16.5,16.0,26.0,10.0,32.0,10.0,40.5,11.0,12.0,22.0,6.0,17.0,14.0,17.0,17.75,6.5,8.0,13.0,19.0,8.0,9.5,16.0,17.25,7.5,19.0,15.0,14.0,8.0,21.0,8.0,22.75,8.5,17.0,17.0,12.0,13.0,14.0,13.0,15.0,4.0,13.5,8.0,17.0,17.0,16.5,5.0,10.5,10.0,39.0,12.5,39.0,11.0,23.0,11.5,23.0
Oryzias latipes,4.0,10.0,13.0,10.0,97.0,60.0,29.5,120.0,92.0,4.0,57.0,4.0,49.75,12.5,15.5,25.0,11.0,66.0,52.5,66.0,75.0,32.0,29.5,64.0,32.25,3.5,20.5,7.0,7.25,1.5,16.5,3.0,7.0,11.0,23.5,11.0,7.5,3.0,3.5,6.0,9.0,10.0,8.5,10.0,8.75,4.5,20.0,9.0,12.0,12.0,22.75,8.5,26.0,17.0,82.0,9.5,82.0,22.0,7.0,82.0,7.0
Taeniopygia guttata,4.0,8.0,6.0,8.0,6.0,2.0,3.5,4.0,3.0,5.0,3.5,5.0,4.75,2.5,0.5,5.0,1.0,5.0,6.5,5.0,4.75,2.5,2.5,5.0,6.5,3.0,1.0,6.0,1.0,0.0,7.5,0.0,2.0,7.0,4.0,7.0,18.25,7.5,6.5,15.0,6.0,8.0,7.0,8.0,3.25,1.5,1.5,3.0,13.0,13.0,2.25,1.5,0.0,3.0,8.0,3.5,8.0,2.0,10.0,3.0,10.0
Takifugu rubripes,18.0,17.0,25.0,17.0,18.75,8.5,9.0,17.0,12.0,15.0,16.0,15.0,13.25,5.5,2.5,11.0,8.0,18.0,16.0,18.0,13.5,5.0,8.0,10.0,19.0,8.0,6.5,16.0,11.5,5.0,22.0,10.0,12.0,21.0,25.0,21.0,15.5,5.0,9.0,10.0,12.0,18.0,9.0,18.0,20.75,8.5,26.0,17.0,13.0,13.0,13.25,5.5,5.5,11.0,14.0,14.5,14.0,4.0,18.0,11.0,18.0
Tetraodon nigroviridis,7.0,10.0,20.5,10.0,26.0,12.0,16.0,24.0,9.0,11.0,12.5,11.0,13.75,6.5,2.0,13.0,6.0,10.0,20.0,10.0,15.75,4.5,8.5,9.0,16.5,7.0,5.0,14.0,13.5,5.0,18.0,10.0,13.0,12.0,19.5,12.0,13.5,5.0,5.0,10.0,12.0,10.0,10.0,10.0,9.75,4.5,16.5,9.0,11.0,11.0,13.5,5.0,5.0,10.0,15.0,8.5,15.0,3.0,16.0,5.5,16.0
Xenopus tropicalis,109.0,89.0,161.5,89.0,208.5,79.0,75.0,158.0,143.0,90.0,108.5,90.0,93.25,37.5,18.5,75.0,26.0,49.0,50.0,49.0,94.5,31.0,53.0,62.0,73.0,20.0,27.5,40.0,55.0,20.0,72.5,40.0,68.0,80.0,102.0,80.0,117.75,30.5,67.0,61.0,71.0,110.0,189.5,110.0,86.0,36.0,65.0,72.0,137.0,137.0,59.75,20.5,43.5,41.0,88.0,41.5,88.0,50.0,62.0,54.0,62.0
